test_example_id,predicted_category
0,m
1,m
2,m
3,f
4,f
5,m
6,m
7,f
8,m
9,m
10,f
11,m
12,f
13,f
14,f
15,f
16,f
17,f
18,f
19,m
20,m
21,f
22,m
23,m
24,m
25,f
26,f
27,m
28,m
29,m
30,m
31,m
32,f
33,m
34,m
35,f
36,f
37,m
38,f
39,f
40,f
41,f
42,f
43,f
44,f
45,m
46,f
47,m
48,m
49,m
50,m
51,f
52,m
53,f
54,m
55,f
56,m
57,f
58,m
59,m
60,m
61,f
62,f
63,f
64,f
65,f
66,m
67,f
68,m
69,m
70,f
71,m
72,m
73,f
74,f
75,f
76,f
77,m
78,f
79,m
80,f
81,m
82,m
83,f
84,m
85,m
86,f
87,f
88,f
89,m
90,f
91,m
92,m
93,f
94,f
95,m
96,f
97,f
98,m
99,f
100,m
101,f
102,f
103,f
104,m
105,f
106,f
107,f
108,f
109,f
110,f
111,m
112,m
113,f
114,m
115,m
116,m
117,m
118,f
119,m
120,m
121,m
122,f
123,f
124,f
125,f
126,m
127,f
128,m
129,m
130,f
131,m
132,m
133,f
134,f
135,f
136,m
137,m
138,m
139,f
140,m
141,f
142,f
143,f
144,m
145,f
146,f
147,f
148,f
149,f
150,f
151,f
152,f
153,f
154,m
155,f
156,m
157,m
158,f
159,m
160,m
161,m
162,m
163,m
164,m
165,m
166,m
167,f
168,m
169,f
170,m
171,m
172,f
173,f
174,m
175,m
176,m
177,m
178,f
179,f
180,m
181,m
182,m
183,f
184,m
185,m
186,m
187,m
188,m
189,f
190,m
191,f
192,f
193,f
194,f
195,f
196,m
197,f
198,m
199,f
200,f
201,f
202,f
203,m
204,f
205,m
206,m
207,f
208,f
209,f
210,m
211,m
212,f
213,m
214,m
215,m
216,m
217,f
218,f
219,m
220,m
221,m
222,m
223,m
224,f
225,m
226,f
227,f
228,f
229,f
230,m
231,f
232,m
233,m
234,m
235,f
236,f
237,m
238,f
239,f
240,f
241,f
242,m
243,f
244,f
245,f
246,m
247,m
248,f
249,f
250,m
251,f
252,f
253,m
254,m
255,f
256,m
257,f
258,m
259,m
260,m
261,m
262,f
263,m
264,f
265,f
266,f
267,f
268,f
269,m
270,m
271,f
272,m
273,m
274,m
275,m
276,m
277,f
278,f
279,m
280,f
281,m
282,m
283,m
284,m
285,m
286,f
287,m
288,f
289,f
290,m
291,f
292,f
293,f
294,m
295,f
296,m
297,m
298,f
299,m
300,f
301,f
302,m
303,m
304,m
305,f
306,m
307,m
308,m
309,f
310,f
311,f
312,m
313,m
314,f
315,f
316,m
317,m
318,m
319,f
320,m
321,f
322,f
